EventName,Hashtags,size
ICAI,icai ,12
ICAI,convocation ,12
ICAI,convocationindore ,12
ICAI,convocation2022,12
Motivational Talks,joshtalks are ,11
Motivational Talks,successfultips ,11
Motivational Talks,motivationsaturday ,11
Motivational Talks,motivationquotesoftheday ,11
Motivational Talks,enterpreneurquotes ,11
Motivational Talks,motivationpage ,11
Motivational Talks,sandipmaheshwari ,11
Motivational Talks,ceoquotes ,11
Motivational Talks,thoughtleader ,11
Motivational Talks,fuckbitchbecomerich ,11
Motivational Talks,achievers,11
ICAI,icai ,12
ICAI,convocation ,12
ICAI,convocationindore ,12
ICAI,convocation2022,12
Motivational Talks,joshtalks are ,11
Motivational Talks,successfultips ,11
Motivational Talks,motivationsaturday ,11
Motivational Talks,motivationquotesoftheday ,11
Motivational Talks,enterpreneurquotes ,11
Motivational Talks,motivationpage ,11
Motivational Talks,sandipmaheshwari ,11
Motivational Talks,ceoquotes ,11
Motivational Talks,thoughtleader ,11
Motivational Talks,fuckbitchbecomerich ,11
Motivational Talks,achievers,11
ICAI,icai ,12
ICAI,convocation ,12
ICAI,convocationindore ,12
ICAI,convocation2022,12
Motivational Talks,joshtalks are ,11
Motivational Talks,successfultips ,11
Motivational Talks,motivationsaturday ,11
Motivational Talks,motivationquotesoftheday ,11
Motivational Talks,enterpreneurquotes ,11
Motivational Talks,motivationpage ,11
Motivational Talks,sandipmaheshwari ,11
Motivational Talks,ceoquotes ,11
Motivational Talks,thoughtleader ,11
Motivational Talks,fuckbitchbecomerich ,11
Motivational Talks,achievers,11
ICAI,icai ,12
ICAI,convocation ,12
ICAI,convocationindore ,12
ICAI,convocation2022,12
Motivational Talks,joshtalks are ,11
Motivational Talks,successfultips ,11
Motivational Talks,motivationsaturday ,11
Motivational Talks,motivationquotesoftheday ,11
Motivational Talks,enterpreneurquotes ,11
Motivational Talks,motivationpage ,11
Motivational Talks,sandipmaheshwari ,11
Motivational Talks,ceoquotes ,11
Motivational Talks,thoughtleader ,11
Motivational Talks,fuckbitchbecomerich ,11
Motivational Talks,achievers,11
ICAI,icai ,12
ICAI,convocation ,12
ICAI,convocationindore ,12
ICAI,convocation2022,12
Motivational Talks,joshtalks are ,11
Motivational Talks,successfultips ,11
Motivational Talks,motivationsaturday ,11
Motivational Talks,motivationquotesoftheday ,11
Motivational Talks,enterpreneurquotes ,11
Motivational Talks,motivationpage ,11
Motivational Talks,sandipmaheshwari ,11
Motivational Talks,ceoquotes ,11
Motivational Talks,thoughtleader ,11
Motivational Talks,fuckbitchbecomerich ,11
Motivational Talks,achievers,11
ICAI,icai ,12
ICAI,convocation ,12
ICAI,convocationindore ,12
ICAI,convocation2022,12
Motivational Talks,joshtalks are ,11
Motivational Talks,successfultips ,11
Motivational Talks,motivationsaturday ,11
Motivational Talks,motivationquotesoftheday ,11
Motivational Talks,enterpreneurquotes ,11
Motivational Talks,motivationpage ,11
Motivational Talks,sandipmaheshwari ,11
Motivational Talks,ceoquotes ,11
Motivational Talks,thoughtleader ,11
Motivational Talks,fuckbitchbecomerich ,11
Motivational Talks,achievers,11
ICAI,icai ,12
ICAI,convocation ,12
ICAI,convocationindore ,12
ICAI,convocation2022,12
Motivational Talks,joshtalks are ,11
Motivational Talks,successfultips ,11
Motivational Talks,motivationsaturday ,11
Motivational Talks,motivationquotesoftheday ,11
Motivational Talks,enterpreneurquotes ,11
Motivational Talks,motivationpage ,11
Motivational Talks,sandipmaheshwari ,11
Motivational Talks,ceoquotes ,11
Motivational Talks,thoughtleader ,11
Motivational Talks,fuckbitchbecomerich ,11
Motivational Talks,achievers,11
ICAI,icai ,12
ICAI,convocation ,12
ICAI,convocationindore ,12
ICAI,convocation2022,12
Motivational Talks,joshtalks are ,11
Motivational Talks,successfultips ,11
Motivational Talks,motivationsaturday ,11
Motivational Talks,motivationquotesoftheday ,11
Motivational Talks,enterpreneurquotes ,11
Motivational Talks,motivationpage ,11
Motivational Talks,sandipmaheshwari ,11
Motivational Talks,ceoquotes ,11
Motivational Talks,thoughtleader ,11
Motivational Talks,fuckbitchbecomerich ,11
Motivational Talks,achievers,11
ICAI,icai ,12
ICAI,convocation ,12
ICAI,convocationindore ,12
ICAI,convocation2022,12
Motivational Talks,joshtalks are ,11
Motivational Talks,successfultips ,11
Motivational Talks,motivationsaturday ,11
Motivational Talks,motivationquotesoftheday ,11
Motivational Talks,enterpreneurquotes ,11
Motivational Talks,motivationpage ,11
Motivational Talks,sandipmaheshwari ,11
Motivational Talks,ceoquotes ,11
Motivational Talks,thoughtleader ,11
Motivational Talks,fuckbitchbecomerich ,11
Motivational Talks,achievers,11
ICAI,icai ,12
ICAI,convocation ,12
ICAI,convocationindore ,12
ICAI,convocation2022,12
Motivational Talks,joshtalks are ,11
Motivational Talks,successfultips ,11
Motivational Talks,motivationsaturday ,11
Motivational Talks,motivationquotesoftheday ,11
Motivational Talks,enterpreneurquotes ,11
Motivational Talks,motivationpage ,11
Motivational Talks,sandipmaheshwari ,11
Motivational Talks,ceoquotes ,11
Motivational Talks,thoughtleader ,11
Motivational Talks,fuckbitchbecomerich ,11
Motivational Talks,achievers,11
ICAI,icai ,12
ICAI,convocation ,12
ICAI,convocationindore ,12
ICAI,convocation2022,12
Motivational Talks,joshtalks are ,11
Motivational Talks,successfultips ,11
Motivational Talks,motivationsaturday ,11
Motivational Talks,motivationquotesoftheday ,11
Motivational Talks,enterpreneurquotes ,11
Motivational Talks,motivationpage ,11
Motivational Talks,sandipmaheshwari ,11
Motivational Talks,ceoquotes ,11
Motivational Talks,thoughtleader ,11
Motivational Talks,fuckbitchbecomerich ,11
Motivational Talks,achievers,11
ICAI,icai ,12
ICAI,convocation ,12
ICAI,convocationindore ,12
ICAI,convocation2022,12
Juneteenth,hiphop ,7
Juneteenth,nyc ,6
Juneteenth,blackculture ,1
Juneteenth,blackgirlsrock ,1
Juneteenth,smallbusiness ,1
Juneteenth,blackwomen ,1
Juneteenth,melaninpoppin ,1
Juneteenth,independenceday ,1
Juneteenth,culture ,2
Juneteenth,nojusticenopeace ,1
Juneteenth,unity ,1
Juneteenth,fortheculture ,1
Juneteenth,blackhistorymonth ,1
Juneteenth,slavery ,1
Juneteenth,supportblackownedbusinesses,1
Labor Day,laborday ,1
Labor Day,labordayweekend ,1
Labor Day,happylaborday ,1
Labor Day,labordaysale ,1
Labor Day,summer ,4
Labor Day,longweekend ,1
Labor Day,sale,1
Juneteenth,juneteenth ,1
Juneteenth,blacklivesmatter ,1
Juneteenth,blm ,1
Juneteenth,blackhistory ,1
Juneteenth,juneteenthcelebration ,1
Juneteenth,blackgirlmagic ,1
Juneteenth,blackownedbusiness ,1
Juneteenth,freedom ,3
Juneteenth,love ,7
Juneteenth,blackexcellence ,1
Juneteenth,explorepage ,1
Juneteenth,black ,1
Juneteenth,melanin ,1
Juneteenth,blackowned ,1
Juneteenth,blacklove ,2
Juneteenth,buyblack ,2
Juneteenth,june,1
Juneteenth,blacklove ,2
Juneteenth,buyblack ,2
Juneteenth,june ,1
Juneteenth,blackpower ,1
Juneteenth,atlanta ,1
Juneteenth,happyjuneteenth ,1
Juneteenth,georgefloyd ,1
Juneteenth,supportblackbusiness ,1
Juneteenth,fashion ,2
Juneteenth,blackbusiness ,1
Juneteenth,art ,5
Juneteenth,th ,1
Juneteenth,explore ,2
Juneteenth,blackisbeautiful ,1
Juneteenth,music ,2
Juneteenth,repost,1
Global Climate change strike,savetheearth ,1
Global Climate change strike,reuse ,1
Global Climate change strike,conservation ,1
Global Climate change strike,ocean ,1
Global Climate change strike,gretathunberg ,1
Global Climate change strike,art ,5
Global Climate change strike,love ,7
Global Climate change strike,noplanetb ,1
Global Climate change strike,plasticpollution ,1
Global Climate change strike,biodiversity ,1
Global Climate change strike,wildlife ,1
Global Climate change strike,energy ,1
Global Climate change strike,cop ,1
Global Climate change strike,ecology ,1
Global Climate change strike,noplastic,1
Global Climate change strike,climatechange ,3
Global Climate change strike,environment ,1
Global Climate change strike,sustainability ,1
Global Climate change strike,nature ,4
Global Climate change strike,globalwarming ,1
Global Climate change strike,savetheplanet ,1
Global Climate change strike,climate ,1
Global Climate change strike,climatecrisis ,1
Global Climate change strike,ecofriendly ,1
Global Climate change strike,climateaction ,1
Global Climate change strike,zerowaste ,1
Global Climate change strike,sustainable ,1
Global Climate change strike,earth ,1
Global Climate change strike,gogreen ,1
Global Climate change strike,climatechangeisreal ,1
Global Climate change strike,plasticfree ,1
Global Climate change strike,green ,1
Global Climate change strike,sustainableliving ,1
Global Climate change strike,climateemergency ,1
Global Climate change strike,recycle ,1
Global Climate change strike,eco ,1
Global Climate change strike,pollution,1
GOBELINS' Youtube channel,animation ,1
GOBELINS' Youtube channel,2danimation ,1
GOBELINS' Youtube channel,graduation ,2
GOBELINS' Youtube channel,digitalart ,1
GOBELINS' Youtube channel,characterdesign,1
Champions League,barcellonanapoli ,1
Champions League,uefa ,1
Champions League,chammpions,1
Olympics 2023,hockey ,1
Olympics 2023,gymnastics ,1
Olympics 2023,teamindia ,1
Olympics 2023,yuzuruhanyu ,1
Olympics 2023,neerajchopra ,1
Olympics 2023,instagood ,4
Olympics 2023,tennis ,13
Olympics 2023,run ,3
Olympics 2023,paralympics ,1
Olympics 2023,track ,1
Olympics 2023,workout ,7
Olympics 2023,nike ,5
Olympics 2023,nba ,2
Olympics 2023,karate ,2
Olympics 2023,photography ,12
Olympics 2023,hurdles ,2
Olympics 2023,tokio,1
Olympics 2023,karate ,2
Olympics 2023,photography ,12
Olympics 2023,hurdles ,2
Olympics 2023,tokio ,1
Olympics 2023,figureskating ,1
Olympics 2023,iceskating ,1
Olympics 2023,skating ,1
Olympics 2023,cheer ,1
Olympics 2023,olympics2023,5
Olympics 2023,basketball ,2
Olympics 2023,boxing ,2
Olympics 2023,nba ,2
Olympics 2023,swimming ,3
Olympics 2023,athlete ,1
Olympics 2023,champion ,7
Olympics 2023,olympics ,5
Olympics 2023,olympics2023,5
Olympics 2023,sport ,3
Olympics 2023,football ,7
Olympics 2023,running ,2
Olympics 2023,gold ,3
Olympics 2023,tokyo ,3
Olympics 2023,run ,3
Olympics 2023,sports ,2
Olympics 2023,olympics ,5
Olympics 2023,london ,2
Olympics 2023,japan ,2
Olympics 2023,india ,3
Olympics 2023,olympics2023,5
Olympics 2023,olympics ,5
Olympics 2023,london ,2
Olympics 2023,japan ,2
Olympics 2023,india ,3
Olympics 2023,training ,7
Olympics 2023,usa ,7
Olympics 2023,nike ,5
Olympics 2023,trending ,2
Olympics 2023,sport ,3
Olympics 2023,football ,7
Olympics 2023,olympics2023,5
Olympics 2023,running ,2
Olympics 2023,gold ,3
Olympics 2023,tokyo ,3
Olympics 2023,run ,3
Olympics 2023,sports ,2
Olympics 2023,basketball ,2
Olympics 2023,boxing ,2
Olympics 2023,olympics ,5
Olympics 2023,olympics2023,5
Commonwealth Games,weightlifting ,1
Commonwealth Games,sprinter ,1
Commonwealth Games,olympicgames ,1
Commonwealth Games,indian ,1
Commonwealth Games,gc ,1
Commonwealth Games,theflyingsikh ,1
Commonwealth Games,pvsindhu ,1
Commonwealth Games,sainanehwal ,1
Commonwealth Games,shooting ,1
Commonwealth Games,gold ,3
Commonwealth Games,instasports ,1
Commonwealth Games,legend ,1
Commonwealth Games,badmintonlovers ,1
Commonwealth Games,teamengland ,1
Commonwealth Games,games ,3
Commonwealth Games,onthisday ,2
Commonwealth Games,wrestling ,2
Commonwealth Games,badmintonplayer ,2
Commonwealth Games,olympian ,2
Commonwealth Games,badmintonindia ,2
Commonwealth Games,worldathletics ,2
Commonwealth Games,indianathlete ,2
Commonwealth Games,prideofindia ,2
Commonwealth Games,adidas ,5
Commonwealth Games,sportlife ,2
Commonwealth Games,gymnast ,2
Commonwealth Games,srilanka ,2
Commonwealth Games,vineshphogat ,2
Commonwealth Games,badmintonindonesia ,2
Commonwealth Games,wrestler,2
Commonwealth Games,games ,3
Commonwealth Games,onthisday ,2
Commonwealth Games,wrestling ,2
Commonwealth Games,badmintonplayer ,2
Commonwealth Games,olympian ,2
Commonwealth Games,badmintonindia ,2
Commonwealth Games,worldathletics ,2
Commonwealth Games,indianathlete ,2
Commonwealth Games,prideofindia ,2
Commonwealth Games,adidas ,5
Commonwealth Games,sportlife ,2
Commonwealth Games,gymnast ,2
Commonwealth Games,srilanka ,2
Commonwealth Games,vineshphogat ,2
Commonwealth Games,badmintonindonesia ,2
Commonwealth Games,wrestler,2
Thanks Giving 2022,stuffing ,20
Thanks Giving 2022,thanksgiving2022 ,17
Thanks Giving 2022,thanksgivingclapback ,16
Thanks Giving 2022,thanksgivingfeast ,15
Thanks Giving 2022,thanksgivingbreak,15
Thanks Giving 2022,stuffing ,20
Thanks Giving 2022,thanksgiving2022 ,17
Thanks Giving 2022,thanksgivingclapback ,16
Thanks Giving 2022,thanksgivingfeast ,15
Thanks Giving 2022,thanksgivingbreak,15
Thanks Giving 2022,stuffing ,20
Thanks Giving 2022,thanksgiving2022 ,17
Thanks Giving 2022,thanksgivingclapback ,16
Thanks Giving 2022,thanksgivingfeast ,15
Thanks Giving 2022,thanksgivingbreak,15
Thanks Giving 2022,stuffing ,20
Thanks Giving 2022,thanksgiving2022 ,17
Thanks Giving 2022,thanksgivingclapback ,16
Thanks Giving 2022,thanksgivingfeast ,15
Thanks Giving 2022,thanksgivingbreak,15
Thanks Giving 2022,stuffing ,20
Thanks Giving 2022,thanksgiving2022 ,17
Thanks Giving 2022,thanksgivingclapback ,16
Thanks Giving 2022,thanksgivingfeast ,15
Thanks Giving 2022,thanksgivingbreak,15
Thanks Giving 2022,stuffing ,20
Thanks Giving 2022,thanksgiving2022 ,17
Thanks Giving 2022,thanksgivingclapback ,16
Thanks Giving 2022,thanksgivingfeast ,15
Thanks Giving 2022,thanksgivingbreak,15
Thanks Giving 2022,stuffing ,20
Thanks Giving 2022,thanksgiving2022 ,17
Thanks Giving 2022,thanksgivingclapback ,16
Thanks Giving 2022,thanksgivingfeast ,15
Thanks Giving 2022,thanksgivingbreak,15
Thanks Giving 2022,stuffing ,20
Thanks Giving 2022,thanksgiving2022 ,17
Thanks Giving 2022,thanksgivingclapback ,16
Thanks Giving 2022,thanksgivingfeast ,15
Thanks Giving 2022,thanksgivingbreak,15
Thanks Giving 2022,stuffing ,20
Thanks Giving 2022,thanksgiving2022 ,17
Thanks Giving 2022,thanksgivingclapback ,16
Thanks Giving 2022,thanksgivingfeast ,15
Thanks Giving 2022,thanksgivingbreak,15
Thanks Giving 2022,stuffing ,20
Thanks Giving 2022,thanksgiving2022 ,17
Thanks Giving 2022,thanksgivingclapback ,16
Thanks Giving 2022,thanksgivingfeast ,15
Thanks Giving 2022,thanksgivingbreak,15
Thanks Giving 2022,stuffing ,20
Thanks Giving 2022,thanksgiving2022 ,17
Thanks Giving 2022,thanksgivingclapback ,16
Thanks Giving 2022,thanksgivingfeast ,15
Thanks Giving 2022,thanksgivingbreak,15
Thanks Giving 2022,stuffing ,20
Thanks Giving 2022,thanksgiving2022 ,17
Thanks Giving 2022,thanksgivingclapback ,16
Thanks Giving 2022,thanksgivingfeast ,15
Thanks Giving 2022,thanksgivingbreak,15
Thanks Giving 2022,stuffing ,20
Thanks Giving 2022,thanksgiving2022 ,17
Thanks Giving 2022,thanksgivingclapback ,16
Thanks Giving 2022,thanksgivingfeast ,15
Thanks Giving 2022,thanksgivingbreak,15
Thanks Giving 2022,stuffing ,20
Thanks Giving 2022,thanksgiving2022 ,17
Thanks Giving 2022,thanksgivingclapback ,16
Thanks Giving 2022,thanksgivingfeast ,15
Thanks Giving 2022,thanksgivingbreak,15
Thanks Giving 2022,stuffing ,20
Thanks Giving 2022,thanksgiving2022 ,17
Thanks Giving 2022,thanksgivingclapback ,16
Thanks Giving 2022,thanksgivingfeast ,15
Thanks Giving 2022,thanksgivingbreak,15
BMS Talk,mycology ,1
BMS Talk,research ,3
BMS Talk,events ,2
BMS Talk,seminars ,5
BMS Talk,fungi ,1
BMS Talk,mushrooms,1
LandScape 2022,seminars ,5
LandScape 2022,seminar ,1
LandScape 2022,cpd ,2
LandScape 2022,landscape2022 ,1
LandScape 2022,thenec ,1
LandScape 2022,cpd ,2
LandScape 2022,cpdseminars ,1
LandScape 2022,eventslife ,1
LandScape 2022,eventsvenue,1
ICICT 2022,icict2022 ,1
ICICT 2022,seminars ,5
ICICT 2022,conference ,1
ICICT 2022,kiet ,1
ICICT 2022,iot ,1
ICICT 2022,ai,1
Film Festival,adirondackfilmfestival ,1
Film Festival,lakeplacidfilmfestival ,1
Film Festival,free ,4
Film Festival,seminars ,5
Film Festival,filmmakers,1
Cloud Summit,cloud ,2
Cloud Summit,data ,1
Cloud Summit,technology ,1
Cloud Summit,cloudcomputing ,1
Cloud Summit,bigdata ,1
Cloud Summit,mumbai ,2
Cloud Summit,summit,2
EdTech Summit,edtech ,1
EdTech Summit,academy ,1
EdTech Summit,education ,1
EdTech Summit,experience ,1
EdTech Summit,event ,1
EdTech Summit,schoolsoftware ,1
EdTech Summit,grandopening ,1
EdTech Summit,summit,2
Post Malone,ampitup ,1
Post Malone,aldanaamphitheatre ,1
Post Malone,liveataldana ,1
Post Malone,bahrain ,1
Post Malone,concert,2
Kpop,elastincostarica ,1
Kpop,elast ,1
Kpop,kpop ,1
Kpop,concert,2
50 Year Anniversary of Pride March,bipride ,3
50 Year Anniversary of Pride March,nyc ,6
50 Year Anniversary of Pride March,w ,3
50 Year Anniversary of Pride March,gayman ,3
50 Year Anniversary of Pride March,gaycouple ,3
50 Year Anniversary of Pride March,prideparade ,3
50 Year Anniversary of Pride March,pride ,3
50 Year Anniversary of Pride March,pridemonth ,3
50 Year Anniversary of Pride March,lgbtq ,3
50 Year Anniversary of Pride March,gay ,3
50 Year Anniversary of Pride March,lgbt ,3
50 Year Anniversary of Pride March,tbtfollowers ,3
50 Year Anniversary of Pride March,nonbinary ,3
50 Year Anniversary of Pride March,pridemakeup ,3
50 Year Anniversary of Pride March,prideandjoy ,3
50 Year Anniversary of Pride March,prideweek ,3
50 Year Anniversary of Pride March,music,3
50 Year Anniversary of Pride March,bipride ,3
50 Year Anniversary of Pride March,nyc ,6
50 Year Anniversary of Pride March,w ,3
50 Year Anniversary of Pride March,gayman ,3
50 Year Anniversary of Pride March,gaycouple ,3
50 Year Anniversary of Pride March,prideparade ,3
50 Year Anniversary of Pride March,pride ,3
50 Year Anniversary of Pride March,pridemonth ,3
50 Year Anniversary of Pride March,lgbtq ,3
50 Year Anniversary of Pride March,gay ,3
50 Year Anniversary of Pride March,lgbt ,3
50 Year Anniversary of Pride March,tbtfollowers ,3
50 Year Anniversary of Pride March,nonbinary ,3
50 Year Anniversary of Pride March,pridemakeup ,3
50 Year Anniversary of Pride March,prideandjoy ,3
50 Year Anniversary of Pride March,prideweek ,3
50 Year Anniversary of Pride March,music,3
50 Year Anniversary of Pride March,bipride ,3
50 Year Anniversary of Pride March,nyc ,6
50 Year Anniversary of Pride March,w ,3
50 Year Anniversary of Pride March,gayman ,3
50 Year Anniversary of Pride March,gaycouple ,3
50 Year Anniversary of Pride March,prideparade ,3
50 Year Anniversary of Pride March,pride ,3
50 Year Anniversary of Pride March,pridemonth ,3
50 Year Anniversary of Pride March,lgbtq ,3
50 Year Anniversary of Pride March,gay ,3
50 Year Anniversary of Pride March,lgbt ,3
50 Year Anniversary of Pride March,tbtfollowers ,3
50 Year Anniversary of Pride March,nonbinary ,3
50 Year Anniversary of Pride March,pridemakeup ,3
50 Year Anniversary of Pride March,prideandjoy ,3
50 Year Anniversary of Pride March,prideweek ,3
50 Year Anniversary of Pride March,music,3
Platinum Jubilee Bank Holiday,platinumjuiblee ,6
Platinum Jubilee Bank Holiday,hm70,6
Boxing Day,boxer ,6
Boxing Day,training ,7
Boxing Day,boxingdrills ,6
Boxing Day,kickboxing ,6
Boxing Day,boxingfans ,6
Boxing Day,boxingfitness ,6
Boxing Day,muaythai ,6
Boxing Day,fighter ,6
Boxing Day,motivation ,6
Boxing Day,boxingfamily ,6
Boxing Day,workout ,7
Boxing Day,champion ,7
Boxing Day,boxingislife ,6
Boxing Day,boxinggirl ,6
Boxing Day,gym ,6
Boxing Day,muhammadali,6
Platinum Jubilee Bank Holiday,platinumjuiblee ,6
Platinum Jubilee Bank Holiday,hm70,6
Boxing Day,boxer ,6
Boxing Day,training ,7
Boxing Day,boxingdrills ,6
Boxing Day,kickboxing ,6
Boxing Day,boxingfans ,6
Boxing Day,boxingfitness ,6
Boxing Day,muaythai ,6
Boxing Day,fighter ,6
Boxing Day,motivation ,6
Boxing Day,boxingfamily ,6
Boxing Day,workout ,7
Boxing Day,champion ,7
Boxing Day,boxingislife ,6
Boxing Day,boxinggirl ,6
Boxing Day,gym ,6
Boxing Day,muhammadali,6
Platinum Jubilee Bank Holiday,platinumjuiblee ,6
Platinum Jubilee Bank Holiday,hm70,6
Boxing Day,boxer ,6
Boxing Day,training ,7
Boxing Day,boxingdrills ,6
Boxing Day,kickboxing ,6
Boxing Day,boxingfans ,6
Boxing Day,boxingfitness ,6
Boxing Day,muaythai ,6
Boxing Day,fighter ,6
Boxing Day,motivation ,6
Boxing Day,boxingfamily ,6
Boxing Day,workout ,7
Boxing Day,champion ,7
Boxing Day,boxingislife ,6
Boxing Day,boxinggirl ,6
Boxing Day,gym ,6
Boxing Day,muhammadali,6
Platinum Jubilee Bank Holiday,platinumjuiblee ,6
Platinum Jubilee Bank Holiday,hm70,6
Boxing Day,boxer ,6
Boxing Day,training ,7
Boxing Day,boxingdrills ,6
Boxing Day,kickboxing ,6
Boxing Day,boxingfans ,6
Boxing Day,boxingfitness ,6
Boxing Day,muaythai ,6
Boxing Day,fighter ,6
Boxing Day,motivation ,6
Boxing Day,boxingfamily ,6
Boxing Day,workout ,7
Boxing Day,champion ,7
Boxing Day,boxingislife ,6
Boxing Day,boxinggirl ,6
Boxing Day,gym ,6
Boxing Day,muhammadali,6
Platinum Jubilee Bank Holiday,platinumjuiblee ,6
Platinum Jubilee Bank Holiday,hm70,6
Boxing Day,boxer ,6
Boxing Day,training ,7
Boxing Day,boxingdrills ,6
Boxing Day,kickboxing ,6
Boxing Day,boxingfans ,6
Boxing Day,boxingfitness ,6
Boxing Day,muaythai ,6
Boxing Day,fighter ,6
Boxing Day,motivation ,6
Boxing Day,boxingfamily ,6
Boxing Day,workout ,7
Boxing Day,champion ,7
Boxing Day,boxingislife ,6
Boxing Day,boxinggirl ,6
Boxing Day,gym ,6
Boxing Day,muhammadali,6
food day meet,worldfoodday ,1
food day meet,worldfoodday2022 ,1
food day meet,leavenoonebehind ,1
food day meet,flag,1
Farmer's protest,"farmersprotest, ",15
Farmer's protest,"standwithfarmerschallenge, ",15
Farmer's protest,"speakupforfarmers, ",15
Farmer's protest,"iamwithfarmers, ",15
Farmer's protest,"kisanektazindabaad, ",15
Farmer's protest,"tractor2twitter, ",15
Farmer's protest,isupportfarmers,15
Hungama Concert,atif ,6
Hungama Concert,aslam ,6
Hungama Concert,atifaslam ,6
Hungama Concert,honeysingh ,6
Hungama Concert,aadee ,6
Hungama Concert,aadeez http://instagram.com/p/epbeu5thho/,6
Farmer's protest,"farmersprotest, ",15
Farmer's protest,"standwithfarmerschallenge, ",15
Farmer's protest,"speakupforfarmers, ",15
Farmer's protest,"iamwithfarmers, ",15
Farmer's protest,"kisanektazindabaad, ",15
Farmer's protest,"tractor2twitter, ",15
Farmer's protest,isupportfarmers,15
Hungama Concert,atif ,6
Hungama Concert,aslam ,6
Hungama Concert,atifaslam ,6
Hungama Concert,honeysingh ,6
Hungama Concert,aadee ,6
Hungama Concert,aadeez http://instagram.com/p/epbeu5thho/,6
Farmer's protest,"farmersprotest, ",15
Farmer's protest,"standwithfarmerschallenge, ",15
Farmer's protest,"speakupforfarmers, ",15
Farmer's protest,"iamwithfarmers, ",15
Farmer's protest,"kisanektazindabaad, ",15
Farmer's protest,"tractor2twitter, ",15
Farmer's protest,isupportfarmers,15
Hungama Concert,atif ,6
Hungama Concert,aslam ,6
Hungama Concert,atifaslam ,6
Hungama Concert,honeysingh ,6
Hungama Concert,aadee ,6
Hungama Concert,aadeez http://instagram.com/p/epbeu5thho/,6
Farmer's protest,"farmersprotest, ",15
Farmer's protest,"standwithfarmerschallenge, ",15
Farmer's protest,"speakupforfarmers, ",15
Farmer's protest,"iamwithfarmers, ",15
Farmer's protest,"kisanektazindabaad, ",15
Farmer's protest,"tractor2twitter, ",15
Farmer's protest,isupportfarmers,15
Hungama Concert,atif ,6
Hungama Concert,aslam ,6
Hungama Concert,atifaslam ,6
Hungama Concert,honeysingh ,6
Hungama Concert,aadee ,6
Hungama Concert,aadeez http://instagram.com/p/epbeu5thho/,6
Farmer's protest,"farmersprotest, ",15
Farmer's protest,"standwithfarmerschallenge, ",15
Farmer's protest,"speakupforfarmers, ",15
Farmer's protest,"iamwithfarmers, ",15
Farmer's protest,"kisanektazindabaad, ",15
Farmer's protest,"tractor2twitter, ",15
Farmer's protest,isupportfarmers,15
Hungama Concert,atif ,6
Hungama Concert,aslam ,6
Hungama Concert,atifaslam ,6
Hungama Concert,honeysingh ,6
Hungama Concert,aadee ,6
Hungama Concert,aadeez http://instagram.com/p/epbeu5thho/,6
Farmer's protest,"farmersprotest, ",15
Farmer's protest,"standwithfarmerschallenge, ",15
Farmer's protest,"speakupforfarmers, ",15
Farmer's protest,"iamwithfarmers, ",15
Farmer's protest,"kisanektazindabaad, ",15
Farmer's protest,"tractor2twitter, ",15
Farmer's protest,isupportfarmers,15
Hungama Concert,atif ,6
Hungama Concert,aslam ,6
Hungama Concert,atifaslam ,6
Hungama Concert,honeysingh ,6
Hungama Concert,aadee ,6
Hungama Concert,aadeez http://instagram.com/p/epbeu5thho/,6
Farmer's protest,"farmersprotest, ",15
Farmer's protest,"standwithfarmerschallenge, ",15
Farmer's protest,"speakupforfarmers, ",15
Farmer's protest,"iamwithfarmers, ",15
Farmer's protest,"kisanektazindabaad, ",15
Farmer's protest,"tractor2twitter, ",15
Farmer's protest,isupportfarmers,15
Farmer's protest,"farmersprotest, ",15
Farmer's protest,"standwithfarmerschallenge, ",15
Farmer's protest,"speakupforfarmers, ",15
Farmer's protest,"iamwithfarmers, ",15
Farmer's protest,"kisanektazindabaad, ",15
Farmer's protest,"tractor2twitter, ",15
Farmer's protest,isupportfarmers,15
Farmer's protest,"farmersprotest, ",15
Farmer's protest,"standwithfarmerschallenge, ",15
Farmer's protest,"speakupforfarmers, ",15
Farmer's protest,"iamwithfarmers, ",15
Farmer's protest,"kisanektazindabaad, ",15
Farmer's protest,"tractor2twitter, ",15
Farmer's protest,isupportfarmers,15
Farmer's protest,"farmersprotest, ",15
Farmer's protest,"standwithfarmerschallenge, ",15
Farmer's protest,"speakupforfarmers, ",15
Farmer's protest,"iamwithfarmers, ",15
Farmer's protest,"kisanektazindabaad, ",15
Farmer's protest,"tractor2twitter, ",15
Farmer's protest,isupportfarmers,15
Farmer's protest,"farmersprotest, ",15
Farmer's protest,"standwithfarmerschallenge, ",15
Farmer's protest,"speakupforfarmers, ",15
Farmer's protest,"iamwithfarmers, ",15
Farmer's protest,"kisanektazindabaad, ",15
Farmer's protest,"tractor2twitter, ",15
Farmer's protest,isupportfarmers,15
Farmer's protest,"farmersprotest, ",15
Farmer's protest,"standwithfarmerschallenge, ",15
Farmer's protest,"speakupforfarmers, ",15
Farmer's protest,"iamwithfarmers, ",15
Farmer's protest,"kisanektazindabaad, ",15
Farmer's protest,"tractor2twitter, ",15
Farmer's protest,isupportfarmers,15
Farmer's protest,"farmersprotest, ",15
Farmer's protest,"standwithfarmerschallenge, ",15
Farmer's protest,"speakupforfarmers, ",15
Farmer's protest,"iamwithfarmers, ",15
Farmer's protest,"kisanektazindabaad, ",15
Farmer's protest,"tractor2twitter, ",15
Farmer's protest,isupportfarmers,15
Farmer's protest,"farmersprotest, ",15
Farmer's protest,"standwithfarmerschallenge, ",15
Farmer's protest,"speakupforfarmers, ",15
Farmer's protest,"iamwithfarmers, ",15
Farmer's protest,"kisanektazindabaad, ",15
Farmer's protest,"tractor2twitter, ",15
Farmer's protest,isupportfarmers,15
Farmer's protest,"farmersprotest, ",15
Farmer's protest,"standwithfarmerschallenge, ",15
Farmer's protest,"speakupforfarmers, ",15
Farmer's protest,"iamwithfarmers, ",15
Farmer's protest,"kisanektazindabaad, ",15
Farmer's protest,"tractor2twitter, ",15
Farmer's protest,isupportfarmers,15
All Saint's Day,allsaintsday ,1
All Saint's Day,halloween ,2
All Saint's Day,diadelosmuertos ,1
All Saint's Day,dayofthedead ,1
All Saint's Day,allsoulsday,1
FIFA World Cup,fifafanfest ,1
FIFA World Cup,fifa2023 ,2
FIFA World Cup,fifapack ,1
FIFA World Cup,fifaplayers ,1
FIFA World Cup,fifafut ,1
FIFA World Cup,fifawwc ,1
FIFA World Cup,fifalegend ,1
FIFA World Cup,fifaworldcup2023 ,1
FIFA World Cup,fifaluck ,1
FIFA World Cup,eafifa ,1
FIFA World Cup,fifacoins ,2
FIFA World Cup,scififantasy ,2
FIFA World Cup,fifa2023 ,2
FIFA World Cup,ronaldo ,2
FIFA World Cup,championsleague ,2
FIFA World Cup,futbol ,16
FIFA World Cup,fifaultimateteam,1
FIFA World Cup,fifa ,5
FIFA World Cup,football ,7
FIFA World Cup,soccer ,19
FIFA World Cup,messi ,1
FIFA World Cup,ronaldo ,2
FIFA World Cup,championsleague ,2
FIFA World Cup,futbol ,16
FIFA World Cup,fifaultimateteam ,1
FIFA World Cup,fifacoins ,2
FIFA World Cup,scififantasy ,2
FIFA World Cup,fifa2023,1
special corporate Seminar,seminars ,5
special corporate Seminar,corporate ,1
special corporate Seminar,uae ,1
special corporate Seminar,business ,4
special corporate Seminar,success ,1
special corporate Seminar,johnofthings,1
Skydiving,palmjumeirah ,1
Skydiving,flock ,1
Skydiving,mondaymotivation ,1
Skydiving,skydiving ,3
Skydiving,travel ,5
Skydiving,mydubai ,1
Skydiving,skydivedubai,1
Skydiving,skydiving ,3
Skydiving,extremesports,1
Skydiving,@skydivedubai@visitdubai,1
Skydiving,skydiving ,3
Skydiving,skydive ,1
Skydiving,skydivingadventure,1
European Elections,europ ,4
European Elections,europeans ,4
European Elections,italy ,2
European Elections,belgium ,2
European Elections,strasbourg ,2
European Elections,thefutureisyours ,2
European Elections,eusolidarity ,2
European Elections,europeansociety ,1
European Elections,epp ,1
European Elections,eppgroup ,1
European Elections,news ,3
European Elections,europarlament ,3
European Elections,slovensko ,3
European Elections,peace ,3
European Elections,europeanfashion,1
European Elections,europ ,4
European Elections,europeans ,4
European Elections,italy ,2
European Elections,brexit ,1
European Elections,ig ,2
European Elections,coronavirus ,1
European Elections,maps ,1
European Elections,bruxelles ,1
European Elections,map ,1
European Elections,ep ,1
European Elections,romania ,1
European Elections,humanrights ,1
European Elections,thistimeimvoting ,1
European Elections,belgium ,2
European Elections,strasbourg ,2
European Elections,thefutureisyours ,2
European Elections,eusolidarity ,2
European Elections,europeansociety,1
European Elections,news ,3
European Elections,europarlament ,3
European Elections,slovensko ,3
European Elections,peace ,3
European Elections,europeanfashion ,2
European Elections,europeancat ,2
European Elections,evropskyparlament ,2
European Elections,travel ,5
European Elections,climatechange ,3
European Elections,europeancars ,2
European Elections,europ ,4
European Elections,europeans ,4
European Elections,italy,2
European Elections,news ,3
European Elections,europarlament ,3
European Elections,slovensko ,3
European Elections,peace ,3
European Elections,europeanfashion ,2
European Elections,europeancat ,2
European Elections,evropskyparlament ,2
European Elections,travel ,5
European Elections,climatechange ,3
European Elections,europeancars ,2
European Elections,europ ,4
European Elections,europeans ,4
European Elections,italy,2
Ireland horse riding,ballycastle ,1
Ireland horse riding,northernireland ,1
Ireland horse riding,northcoast ,1
Ireland horse riding,visitcauseway ,1
Ireland horse riding,causewaycoast ,1
Ireland horse riding,horseriding ,2
Ireland horse riding,photography ,12
Ireland horse riding,games,1
Strike Finland,russia ,1
Strike Finland,atrocitiesofkremlin ,1
Strike Finland,war ,4
Strike Finland,kremlin ,1
Strike Finland,putin ,2
Strike Finland,closethesky,1
Study Abroad Webinar,sitstudyabroad ,6
Study Abroad Webinar,notyourordinarystudyabroad ,6
Study Abroad Webinar,professionaldevelopment ,6
Study Abroad Webinar,abroad ,6
Study Abroad Webinar,study,6
Soccer Legion,soccer ,19
Soccer Legion,ball ,14
Soccer Legion,futbol ,16
Soccer Legion,envywear,14
Study Abroad Webinar,sitstudyabroad ,6
Study Abroad Webinar,notyourordinarystudyabroad ,6
Study Abroad Webinar,professionaldevelopment ,6
Study Abroad Webinar,abroad ,6
Study Abroad Webinar,study,6
Soccer Legion,soccer ,19
Soccer Legion,ball ,14
Soccer Legion,futbol ,16
Soccer Legion,envywear,14
Study Abroad Webinar,sitstudyabroad ,6
Study Abroad Webinar,notyourordinarystudyabroad ,6
Study Abroad Webinar,professionaldevelopment ,6
Study Abroad Webinar,abroad ,6
Study Abroad Webinar,study,6
Soccer Legion,soccer ,19
Soccer Legion,ball ,14
Soccer Legion,futbol ,16
Soccer Legion,envywear,14
Study Abroad Webinar,sitstudyabroad ,6
Study Abroad Webinar,notyourordinarystudyabroad ,6
Study Abroad Webinar,professionaldevelopment ,6
Study Abroad Webinar,abroad ,6
Study Abroad Webinar,study,6
Soccer Legion,soccer ,19
Soccer Legion,ball ,14
Soccer Legion,futbol ,16
Soccer Legion,envywear,14
Study Abroad Webinar,sitstudyabroad ,6
Study Abroad Webinar,notyourordinarystudyabroad ,6
Study Abroad Webinar,professionaldevelopment ,6
Study Abroad Webinar,abroad ,6
Study Abroad Webinar,study,6
Soccer Legion,soccer ,19
Soccer Legion,ball ,14
Soccer Legion,futbol ,16
Soccer Legion,envywear,14
Study Abroad Webinar,sitstudyabroad ,6
Study Abroad Webinar,notyourordinarystudyabroad ,6
Study Abroad Webinar,professionaldevelopment ,6
Study Abroad Webinar,abroad ,6
Study Abroad Webinar,study,6
Soccer Legion,soccer ,19
Soccer Legion,ball ,14
Soccer Legion,futbol ,16
Soccer Legion,envywear,14
Soccer Legion,soccer ,19
Soccer Legion,ball ,14
Soccer Legion,futbol ,16
Soccer Legion,envywear,14
Soccer Legion,soccer ,19
Soccer Legion,ball ,14
Soccer Legion,futbol ,16
Soccer Legion,envywear,14
Soccer Legion,soccer ,19
Soccer Legion,ball ,14
Soccer Legion,futbol ,16
Soccer Legion,envywear,14
Soccer Legion,soccer ,19
Soccer Legion,ball ,14
Soccer Legion,futbol ,16
Soccer Legion,envywear,14
Soccer Legion,soccer ,19
Soccer Legion,ball ,14
Soccer Legion,futbol ,16
Soccer Legion,envywear,14
Soccer Legion,soccer ,19
Soccer Legion,ball ,14
Soccer Legion,futbol ,16
Soccer Legion,envywear,14
Soccer Legion,soccer ,19
Soccer Legion,ball ,14
Soccer Legion,futbol ,16
Soccer Legion,envywear,14
Soccer Legion,soccer ,19
Soccer Legion,ball ,14
Soccer Legion,futbol ,16
Soccer Legion,envywear,14
Jammu Traffic,nh44 ,1
Jammu Traffic,update : ,1
Jammu Traffic,heavy ,1
Jammu Traffic,traffic ,6
Jammu Traffic,jam on ,1
Jammu Traffic,jammu -,1
Jammu Traffic,srinagar,1
World War 3 memorial meet,dailyfluffs ,1
World War 3 memorial meet,wwiii ,1
World War 3 memorial meet,dogs ,1
World War 3 memorial meet,ducks ,1
World War 3 memorial meet,war ,4
World War 3 memorial meet,victory ,1
World War 3 memorial meet,peace,1
Ukrain bombed,war ,4
Ukrain bombed,ukrainerussianwar ,1
Ukrain bombed,ukraine ,1
Ukrain bombed,kyiv ,1
Ukrain bombed,putin ,2
Ukrain bombed,putinisawarcriminal ,1
Ukrain bombed,putinwarcrimes ,1
Ukrain bombed,ukrainewar ,1
Ukrain bombed,ukrainewarvideos ,1
Ukrain bombed,constantcontent,1
WAR campaign,vietnamwar ,1
WAR campaign,war ,4
WAR campaign,home ,1
WAR campaign,family,1
WAR campaign,unhumanrights ,1
WAR campaign,ichree ,1
WAR campaign,un ,1
WAR campaign,usaid ,1
WAR campaign,war,2
CES (Consumer Electronics Show),drais ,3
CES (Consumer Electronics Show),xs ,3
CES (Consumer Electronics Show),hiphop ,7
CES (Consumer Electronics Show),vegasbachelorettes ,6
CES (Consumer Electronics Show),lasvegasstrip ,3
CES (Consumer Electronics Show),omnia ,6
CES (Consumer Electronics Show),top ,6
CES (Consumer Electronics Show),treasures ,6
CES (Consumer Electronics Show),scores ,3
CES (Consumer Electronics Show),spearmintrhino ,3
CES (Consumer Electronics Show),bottleservice ,3
CES (Consumer Electronics Show),sapphiregentlemensclub ,3
CES (Consumer Electronics Show),tech ,6
CES (Consumer Electronics Show),ces ,3
CES (Consumer Electronics Show),vegas ,3
CES (Consumer Electronics Show),ch ,3
CES (Consumer Electronics Show),free ,4
CES (Consumer Electronics Show),vegasbound,3
CES (Consumer Electronics Show),tech ,6
CES (Consumer Electronics Show),hiphop ,7
CES (Consumer Electronics Show),vegasbachelorettes ,6
CES (Consumer Electronics Show),nazionalit ,3
CES (Consumer Electronics Show),gufo ,3
CES (Consumer Electronics Show),ilbuonfabio ,3
CES (Consumer Electronics Show),business ,4
CES (Consumer Electronics Show),canedrocato ,3
CES (Consumer Electronics Show),sema ,3
CES (Consumer Electronics Show),seriea ,3
CES (Consumer Electronics Show),omnia ,6
CES (Consumer Electronics Show),top ,6
CES (Consumer Electronics Show),treasures ,6
CES (Consumer Electronics Show),scores,3
CES (Consumer Electronics Show),drais ,3
CES (Consumer Electronics Show),xs ,3
CES (Consumer Electronics Show),hiphop ,7
CES (Consumer Electronics Show),vegasbachelorettes ,6
CES (Consumer Electronics Show),lasvegasstrip ,3
CES (Consumer Electronics Show),omnia ,6
CES (Consumer Electronics Show),top ,6
CES (Consumer Electronics Show),treasures ,6
CES (Consumer Electronics Show),scores ,3
CES (Consumer Electronics Show),spearmintrhino ,3
CES (Consumer Electronics Show),bottleservice ,3
CES (Consumer Electronics Show),sapphiregentlemensclub ,3
CES (Consumer Electronics Show),tech ,6
CES (Consumer Electronics Show),ces ,3
CES (Consumer Electronics Show),vegas ,3
CES (Consumer Electronics Show),ch ,3
CES (Consumer Electronics Show),free ,4
CES (Consumer Electronics Show),vegasbound,3
CES (Consumer Electronics Show),tech ,6
CES (Consumer Electronics Show),hiphop ,7
CES (Consumer Electronics Show),vegasbachelorettes ,6
CES (Consumer Electronics Show),nazionalit ,3
CES (Consumer Electronics Show),gufo ,3
CES (Consumer Electronics Show),ilbuonfabio ,3
CES (Consumer Electronics Show),business ,4
CES (Consumer Electronics Show),canedrocato ,3
CES (Consumer Electronics Show),sema ,3
CES (Consumer Electronics Show),seriea ,3
CES (Consumer Electronics Show),omnia ,6
CES (Consumer Electronics Show),top ,6
CES (Consumer Electronics Show),treasures ,6
CES (Consumer Electronics Show),scores,3
CES (Consumer Electronics Show),drais ,3
CES (Consumer Electronics Show),xs ,3
CES (Consumer Electronics Show),hiphop ,7
CES (Consumer Electronics Show),vegasbachelorettes ,6
CES (Consumer Electronics Show),lasvegasstrip ,3
CES (Consumer Electronics Show),omnia ,6
CES (Consumer Electronics Show),top ,6
CES (Consumer Electronics Show),treasures ,6
CES (Consumer Electronics Show),scores ,3
CES (Consumer Electronics Show),spearmintrhino ,3
CES (Consumer Electronics Show),bottleservice ,3
CES (Consumer Electronics Show),sapphiregentlemensclub ,3
CES (Consumer Electronics Show),tech ,6
CES (Consumer Electronics Show),ces ,3
CES (Consumer Electronics Show),vegas ,3
CES (Consumer Electronics Show),ch ,3
CES (Consumer Electronics Show),free ,4
CES (Consumer Electronics Show),vegasbound,3
CES (Consumer Electronics Show),tech ,6
CES (Consumer Electronics Show),hiphop ,7
CES (Consumer Electronics Show),vegasbachelorettes ,6
CES (Consumer Electronics Show),nazionalit ,3
CES (Consumer Electronics Show),gufo ,3
CES (Consumer Electronics Show),ilbuonfabio ,3
CES (Consumer Electronics Show),business ,4
CES (Consumer Electronics Show),canedrocato ,3
CES (Consumer Electronics Show),sema ,3
CES (Consumer Electronics Show),seriea ,3
CES (Consumer Electronics Show),omnia ,6
CES (Consumer Electronics Show),top ,6
CES (Consumer Electronics Show),treasures ,6
CES (Consumer Electronics Show),scores,3
Football Match,parjuv | ,3
Football Match,ucl ,3
Football Match,psgvsjuventus ,3
Football Match,psgjuv ,3
Football Match,juventus ,3
Football Match,championsleague,3
Football Match,parjuv | ,3
Football Match,ucl ,3
Football Match,psgvsjuventus ,3
Football Match,psgjuv ,3
Football Match,juventus ,3
Football Match,championsleague,3
Football Match,parjuv | ,3
Football Match,ucl ,3
Football Match,psgvsjuventus ,3
Football Match,psgjuv ,3
Football Match,juventus ,3
Football Match,championsleague,3
Wimbeldon 2022,volunteering ,12
Wimbeldon 2022,wimbledon ,24
Wimbeldon 2022,firstaid ,12
Wimbeldon 2022,healthcare ,12
Wimbeldon 2022,wimbledon2022 ,24
Wimbeldon 2022,howmanyicecreamsaretoomany,12
Wimbeldon 2022 Final,wimbledon ,24
Wimbeldon 2022 Final,wimbledonfinal ,12
Wimbeldon 2022 Final,wimbledon2022 ,24
Wimbeldon 2022 Final,tennis ,13
Wimbeldon 2022 Final,atp ,12
Wimbeldon 2022 Final,atptour ,12
Wimbeldon 2022 Final,nickkyrgios ,12
Wimbeldon 2022 Final,novakdjokovicvsnickkyrgios ,12
Wimbeldon 2022 Final,novakdjokovic,12
Wimbeldon 2022,volunteering ,12
Wimbeldon 2022,wimbledon ,24
Wimbeldon 2022,firstaid ,12
Wimbeldon 2022,healthcare ,12
Wimbeldon 2022,wimbledon2022 ,24
Wimbeldon 2022,howmanyicecreamsaretoomany,12
Wimbeldon 2022 Final,wimbledon ,24
Wimbeldon 2022 Final,wimbledonfinal ,12
Wimbeldon 2022 Final,wimbledon2022 ,24
Wimbeldon 2022 Final,tennis ,13
Wimbeldon 2022 Final,atp ,12
Wimbeldon 2022 Final,atptour ,12
Wimbeldon 2022 Final,nickkyrgios ,12
Wimbeldon 2022 Final,novakdjokovicvsnickkyrgios ,12
Wimbeldon 2022 Final,novakdjokovic,12
Wimbeldon 2022,volunteering ,12
Wimbeldon 2022,wimbledon ,24
Wimbeldon 2022,firstaid ,12
Wimbeldon 2022,healthcare ,12
Wimbeldon 2022,wimbledon2022 ,24
Wimbeldon 2022,howmanyicecreamsaretoomany,12
Wimbeldon 2022 Final,wimbledon ,24
Wimbeldon 2022 Final,wimbledonfinal ,12
Wimbeldon 2022 Final,wimbledon2022 ,24
Wimbeldon 2022 Final,tennis ,13
Wimbeldon 2022 Final,atp ,12
Wimbeldon 2022 Final,atptour ,12
Wimbeldon 2022 Final,nickkyrgios ,12
Wimbeldon 2022 Final,novakdjokovicvsnickkyrgios ,12
Wimbeldon 2022 Final,novakdjokovic,12
Wimbeldon 2022,volunteering ,12
Wimbeldon 2022,wimbledon ,24
Wimbeldon 2022,firstaid ,12
Wimbeldon 2022,healthcare ,12
Wimbeldon 2022,wimbledon2022 ,24
Wimbeldon 2022,howmanyicecreamsaretoomany,12
Wimbeldon 2022 Final,wimbledon ,24
Wimbeldon 2022 Final,wimbledonfinal ,12
Wimbeldon 2022 Final,wimbledon2022 ,24
Wimbeldon 2022 Final,tennis ,13
Wimbeldon 2022 Final,atp ,12
Wimbeldon 2022 Final,atptour ,12
Wimbeldon 2022 Final,nickkyrgios ,12
Wimbeldon 2022 Final,novakdjokovicvsnickkyrgios ,12
Wimbeldon 2022 Final,novakdjokovic,12
Wimbeldon 2022,volunteering ,12
Wimbeldon 2022,wimbledon ,24
Wimbeldon 2022,firstaid ,12
Wimbeldon 2022,healthcare ,12
Wimbeldon 2022,wimbledon2022 ,24
Wimbeldon 2022,howmanyicecreamsaretoomany,12
Wimbeldon 2022 Final,wimbledon ,24
Wimbeldon 2022 Final,wimbledonfinal ,12
Wimbeldon 2022 Final,wimbledon2022 ,24
Wimbeldon 2022 Final,tennis ,13
Wimbeldon 2022 Final,atp ,12
Wimbeldon 2022 Final,atptour ,12
Wimbeldon 2022 Final,nickkyrgios ,12
Wimbeldon 2022 Final,novakdjokovicvsnickkyrgios ,12
Wimbeldon 2022 Final,novakdjokovic,12
Wimbeldon 2022,volunteering ,12
Wimbeldon 2022,wimbledon ,24
Wimbeldon 2022,firstaid ,12
Wimbeldon 2022,healthcare ,12
Wimbeldon 2022,wimbledon2022 ,24
Wimbeldon 2022,howmanyicecreamsaretoomany,12
Wimbeldon 2022 Final,wimbledon ,24
Wimbeldon 2022 Final,wimbledonfinal ,12
Wimbeldon 2022 Final,wimbledon2022 ,24
Wimbeldon 2022 Final,tennis ,13
Wimbeldon 2022 Final,atp ,12
Wimbeldon 2022 Final,atptour ,12
Wimbeldon 2022 Final,nickkyrgios ,12
Wimbeldon 2022 Final,novakdjokovicvsnickkyrgios ,12
Wimbeldon 2022 Final,novakdjokovic,12
Wimbeldon 2022,volunteering ,12
Wimbeldon 2022,wimbledon ,24
Wimbeldon 2022,firstaid ,12
Wimbeldon 2022,healthcare ,12
Wimbeldon 2022,wimbledon2022 ,24
Wimbeldon 2022,howmanyicecreamsaretoomany,12
Wimbeldon 2022 Final,wimbledon ,24
Wimbeldon 2022 Final,wimbledonfinal ,12
Wimbeldon 2022 Final,wimbledon2022 ,24
Wimbeldon 2022 Final,tennis ,13
Wimbeldon 2022 Final,atp ,12
Wimbeldon 2022 Final,atptour ,12
Wimbeldon 2022 Final,nickkyrgios ,12
Wimbeldon 2022 Final,novakdjokovicvsnickkyrgios ,12
Wimbeldon 2022 Final,novakdjokovic,12
Wimbeldon 2022,volunteering ,12
Wimbeldon 2022,wimbledon ,24
Wimbeldon 2022,firstaid ,12
Wimbeldon 2022,healthcare ,12
Wimbeldon 2022,wimbledon2022 ,24
Wimbeldon 2022,howmanyicecreamsaretoomany,12
Wimbeldon 2022 Final,wimbledon ,24
Wimbeldon 2022 Final,wimbledonfinal ,12
Wimbeldon 2022 Final,wimbledon2022 ,24
Wimbeldon 2022 Final,tennis ,13
Wimbeldon 2022 Final,atp ,12
Wimbeldon 2022 Final,atptour ,12
Wimbeldon 2022 Final,nickkyrgios ,12
Wimbeldon 2022 Final,novakdjokovicvsnickkyrgios ,12
Wimbeldon 2022 Final,novakdjokovic,12
Wimbeldon 2022,volunteering ,12
Wimbeldon 2022,wimbledon ,24
Wimbeldon 2022,firstaid ,12
Wimbeldon 2022,healthcare ,12
Wimbeldon 2022,wimbledon2022 ,24
Wimbeldon 2022,howmanyicecreamsaretoomany,12
Wimbeldon 2022 Final,wimbledon ,24
Wimbeldon 2022 Final,wimbledonfinal ,12
Wimbeldon 2022 Final,wimbledon2022 ,24
Wimbeldon 2022 Final,tennis ,13
Wimbeldon 2022 Final,atp ,12
Wimbeldon 2022 Final,atptour ,12
Wimbeldon 2022 Final,nickkyrgios ,12
Wimbeldon 2022 Final,novakdjokovicvsnickkyrgios ,12
Wimbeldon 2022 Final,novakdjokovic,12
Wimbeldon 2022,volunteering ,12
Wimbeldon 2022,wimbledon ,24
Wimbeldon 2022,firstaid ,12
Wimbeldon 2022,healthcare ,12
Wimbeldon 2022,wimbledon2022 ,24
Wimbeldon 2022,howmanyicecreamsaretoomany,12
Wimbeldon 2022 Final,wimbledon ,24
Wimbeldon 2022 Final,wimbledonfinal ,12
Wimbeldon 2022 Final,wimbledon2022 ,24
Wimbeldon 2022 Final,tennis ,13
Wimbeldon 2022 Final,atp ,12
Wimbeldon 2022 Final,atptour ,12
Wimbeldon 2022 Final,nickkyrgios ,12
Wimbeldon 2022 Final,novakdjokovicvsnickkyrgios ,12
Wimbeldon 2022 Final,novakdjokovic,12
Wimbeldon 2022,volunteering ,12
Wimbeldon 2022,wimbledon ,24
Wimbeldon 2022,firstaid ,12
Wimbeldon 2022,healthcare ,12
Wimbeldon 2022,wimbledon2022 ,24
Wimbeldon 2022,howmanyicecreamsaretoomany,12
Wimbeldon 2022 Final,wimbledon ,24
Wimbeldon 2022 Final,wimbledonfinal ,12
Wimbeldon 2022 Final,wimbledon2022 ,24
Wimbeldon 2022 Final,tennis ,13
Wimbeldon 2022 Final,atp ,12
Wimbeldon 2022 Final,atptour ,12
Wimbeldon 2022 Final,nickkyrgios ,12
Wimbeldon 2022 Final,novakdjokovicvsnickkyrgios ,12
Wimbeldon 2022 Final,novakdjokovic,12
Wimbeldon 2022,volunteering ,12
Wimbeldon 2022,wimbledon ,24
Wimbeldon 2022,firstaid ,12
Wimbeldon 2022,healthcare ,12
Wimbeldon 2022,wimbledon2022 ,24
Wimbeldon 2022,howmanyicecreamsaretoomany,12
Wimbeldon 2022 Final,wimbledon ,24
Wimbeldon 2022 Final,wimbledonfinal ,12
Wimbeldon 2022 Final,wimbledon2022 ,24
Wimbeldon 2022 Final,tennis ,13
Wimbeldon 2022 Final,atp ,12
Wimbeldon 2022 Final,atptour ,12
Wimbeldon 2022 Final,nickkyrgios ,12
Wimbeldon 2022 Final,novakdjokovicvsnickkyrgios ,12
Wimbeldon 2022 Final,novakdjokovic,12
Day of the Dead,skeleton ,1
Day of the Dead,ofrenda ,1
Day of the Dead,catrinamakeup ,1
Day of the Dead,lacatrina ,1
Day of the Dead,adelosmuertos ,1
Day of the Dead,m ,1
Day of the Dead,halloweenmakeup ,2
Day of the Dead,xico ,1
Day of the Dead,diadelosmuertosmakeup ,1
Day of the Dead,photooftheday ,4
Day of the Dead,losangeles ,2
Day of the Dead,a ,1
Day of the Dead,cempasuchil ,1
Day of the Dead,ademuertos ,1
Day of the Dead,dayofthedeadart,1
Traffic updates,latraffic ,1
Traffic updates,losangeles ,2
Traffic updates,freeway ,1
Traffic updates,ladrivers ,1
Traffic updates,driving ,1
Traffic updates,losangelestraffic ,1
Traffic updates,la ,1
Traffic updates,latrafficsucks ,1
Traffic updates,follow ,3
Traffic updates,lalife ,1
Traffic updates,california ,1
Traffic updates,commute ,1
Traffic updates,cars ,1
Traffic updates,truck ,1
Traffic updates,socal ,1
Traffic updates,sanfranciscotraffic ,1
Traffic updates,traffic ,6
Traffic updates,backpackboyz ,1
Traffic updates,laattorney ,1
Traffic updates,losangeleslawyer ,1
Traffic updates,autoaccident ,1
Traffic updates,sflawyer ,1
Traffic updates,californiaautoaccident ,1
Traffic updates,autoaccidentattorney ,1
Traffic updates,trafficaccidents ,1
Traffic updates,californiaattorney ,1
Traffic updates,sanfranciscolawfirm ,1
Traffic updates,californiapersonalinjury ,1
Traffic updates,sflawfirm ,1
Traffic updates,sfattorney,1
Weeknd Concert,theweeknd ,1
Weeknd Concert,afterhourstildawntour ,1
Weeknd Concert,abel ,1
Weeknd Concert,xo ,1
Weeknd Concert,xotwod ,1
Weeknd Concert,weeknd,1
Mecca Madina,makkah ,1
Mecca Madina,mecca ,1
Mecca Madina,baitullah ,1
Mecca Madina,houseofallah,1
Mecca Madina,macca ,5
Mecca Madina,jummamubarak ,5
Mecca Madina,shutuptanveerilyas,5
FINA World Swimming Championships (25m),nadadoras ,1
FINA World Swimming Championships (25m),instaswim ,1
FINA World Swimming Championships (25m),quicklymallas ,1
FINA World Swimming Championships (25m),mallasquickly ,1
FINA World Swimming Championships (25m),swimstagram ,1
FINA World Swimming Championships (25m),look ,1
FINA World Swimming Championships (25m),swimmingpool ,1
FINA World Swimming Championships (25m),trajesdeba ,1
FINA World Swimming Championships (25m),fina ,3
FINA World Swimming Championships (25m),swimming ,3
FINA World Swimming Championships (25m),swim ,2
FINA World Swimming Championships (25m),swimmer ,2
FINA World Swimming Championships (25m),swim25m,3
FINA World Swimming Championships (25m),swimwear ,2
FINA World Swimming Championships (25m),fina ,3
FINA World Swimming Championships (25m),entrenamiento ,2
FINA World Swimming Championships (25m),cadda ,2
FINA World Swimming Championships (25m),mallasdeportivas ,2
FINA World Swimming Championships (25m),nadadora ,2
FINA World Swimming Championships (25m),mallasdenatacion ,2
FINA World Swimming Championships (25m),resistentesalcloro ,2
FINA World Swimming Championships (25m),resistentealcloro ,1
FINA World Swimming Championships (25m),entrenamiento ,2
FINA World Swimming Championships (25m),cadda ,2
FINA World Swimming Championships (25m),mallasdeportivas ,2
FINA World Swimming Championships (25m),nadadora ,2
FINA World Swimming Championships (25m),mallasdenatacion ,2
FINA World Swimming Championships (25m),resistentesalcloro ,2
FINA World Swimming Championships (25m),swim25m,3
FINA World Swimming Championships (25m),fina ,3
FINA World Swimming Championships (25m),swimming ,3
FINA World Swimming Championships (25m),swim ,2
FINA World Swimming Championships (25m),swimmer ,2
FINA World Swimming Championships (25m),o ,1
FINA World Swimming Championships (25m),swimmerslife ,1
FINA World Swimming Championships (25m),sport ,3
FINA World Swimming Championships (25m),iloveswimming ,1
FINA World Swimming Championships (25m),moda ,1
FINA World Swimming Championships (25m),swimwear ,2
FINA World Swimming Championships (25m),swimlife ,1
FINA World Swimming Championships (25m),waterpolo ,1
FINA World Swimming Championships (25m),tokyo ,3
FINA World Swimming Championships (25m),follow ,3
FINA World Swimming Championships (25m),fitness ,1
FINA World Swimming Championships (25m),swim25m,3
Traffic,hwy401 ,1
Traffic,opp ,1
Traffic,jeep ,1
Traffic,traffic ,6
Traffic,roadsafety ,1
Traffic,truckdriver ,1
Traffic,dashcam ,1
Traffic,trucking ,1
Traffic,transportation ,1
Traffic,speeding,1
Motor Traffic,traffic,1
Motor Traffic,bonkers@welshgovernment@carmscouncil@niagriffithmp,1
I-395 Highway Traffic,traffic ,6
I-395 Highway Traffic,vatraffic ,1
I-395 Highway Traffic,dctraffic ,1
I-395 Highway Traffic,395cam,1
traffic Jam...at Akurli Road,traffic ,6
traffic Jam...at Akurli Road,trafficalert ,1
traffic Jam...at Akurli Road,trafficupdate ,1
traffic Jam...at Akurli Road,autorickshaw,1
Mumbai Traffic updates,monsoon ,1
Mumbai Traffic updates,nature ,4
Mumbai Traffic updates,india ,3
Mumbai Traffic updates,rain ,1
Mumbai Traffic updates,photography ,12
Mumbai Traffic updates,naturephotography ,1
Mumbai Traffic updates,monsoonseason ,1
Mumbai Traffic updates,travel ,5
Mumbai Traffic updates,rainyday ,1
Mumbai Traffic updates,mumbai ,2
Mumbai Traffic updates,instagram ,3
Mumbai Traffic updates,maharashtra ,1
Mumbai Traffic updates,love ,7
Mumbai Traffic updates,instagood ,4
Mumbai Traffic updates,ig ,2
Mumbai Traffic updates,clouds ,2
Mumbai Traffic updates,photooftheday ,4
Mumbai Traffic updates,incredibleindia,1
Movie shoot,ps1 ,1
Movie shoot,shootdiaries ,1
Movie shoot,actor ,1
Movie shoot,sendhanamudhan ,1
Movie shoot,sendhan ,1
Movie shoot,horseriding,1
Movie,pathaan ,1
Movie,war,2
Mecca Madina,macca ,5
Mecca Madina,jummamubarak ,5
Mecca Madina,shutuptanveerilyas,5
Mecca Madina,macca ,5
Mecca Madina,jummamubarak ,5
Mecca Madina,shutuptanveerilyas,5
Mecca Madina,macca ,5
Mecca Madina,jummamubarak ,5
Mecca Madina,shutuptanveerilyas,5
Mecca Madina,macca ,5
Mecca Madina,jummamubarak ,5
Mecca Madina,shutuptanveerilyas,5
Tater Treat,game ,3
Tater Treat,tater ,1
Tater Treat,discord ,1
Tater Treat,giveaway ,1
Tater Treat,playtoearn ,1
Tater Treat,lovepotato ,1
Tater Treat,cryptonews ,1
Tater Treat,competition ,1
Tater Treat,reward ,1
Tater Treat,games ,3
Tater Treat,prizes,1
The Dark Side of the Void event,outlandodyssey ,1
The Dark Side of the Void event,projectseed ,1
The Dark Side of the Void event,gaming ,2
The Dark Side of the Void event,game ,3
The Dark Side of the Void event,gamefi ,1
The Dark Side of the Void event,nft ,2
The Dark Side of the Void event,rpg,1
PAXWest 2022,gamedev ,1
PAXWest 2022,indiegame ,1
PAXWest 2022,gaming ,2
PAXWest 2022,game ,3
PAXWest 2022,platformergame ,1
PAXWest 2022,indiedev ,1
PAXWest 2022,actiongame ,1
PAXWest 2022,fantasygame ,1
PAXWest 2022,paxwest ,1
PAXWest 2022,events ,2
PAXWest 2022,gamingevents,1
Polkacity Metaverse,metaverse ,1
Polkacity Metaverse,polc ,1
Polkacity Metaverse,nft ,2
Polkacity Metaverse,contest ,1
Polkacity Metaverse,game,1
CVPR 2022,cvpr ,1
CVPR 2022,computervision ,2
CVPR 2022,ai ,1
CVPR 2022,neworleans,1
Christmas'22,xmas ,12
Christmas'22,merrychristmas ,7
Christmas'22,santa ,11
Christmas'22,christmasiscoming ,11
Christmas'22,christmasdecorations ,11
Christmas'22,gifts ,6
Christmas'22,weihnachten ,6
Christmas'22,christmastree ,11
Christmas'22,christmasdecor,5
Christmas'22,christmas ,5
Christmas'22,christmastree ,11
Christmas'22,christmasdecor ,6
Christmas'22,xmas ,12
Christmas'22,santa ,11
Christmas'22,christmasiscoming ,11
Christmas'22,christmasdecorations ,11
Christmas'22,santaclaus ,6
Christmas'22,december ,6
Christmas'22,noel ,6
Christmas'22,art,5
Christmas'22,family ,10
Christmas'22,snow ,7
Christmas'22,photography,5
Christmas'22,xmas ,12
Christmas'22,merrychristmas ,7
Christmas'22,santa ,11
Christmas'22,christmasiscoming ,11
Christmas'22,christmasdecorations ,11
Christmas'22,gifts ,6
Christmas'22,weihnachten ,6
Christmas'22,christmastree ,11
Christmas'22,christmasdecor,5
Christmas'22,christmas ,5
Christmas'22,christmastree ,11
Christmas'22,christmasdecor ,6
Christmas'22,xmas ,12
Christmas'22,santa ,11
Christmas'22,christmasiscoming ,11
Christmas'22,christmasdecorations ,11
Christmas'22,santaclaus ,6
Christmas'22,december ,6
Christmas'22,noel ,6
Christmas'22,art,5
Christmas'22,family ,10
Christmas'22,snow ,7
Christmas'22,photography,5
Christmas'22,xmas ,12
Christmas'22,merrychristmas ,7
Christmas'22,santa ,11
Christmas'22,christmasiscoming ,11
Christmas'22,christmasdecorations ,11
Christmas'22,gifts ,6
Christmas'22,weihnachten ,6
Christmas'22,christmastree ,11
Christmas'22,christmasdecor,5
Christmas'22,christmas ,5
Christmas'22,christmastree ,11
Christmas'22,christmasdecor ,6
Christmas'22,xmas ,12
Christmas'22,santa ,11
Christmas'22,christmasiscoming ,11
Christmas'22,christmasdecorations ,11
Christmas'22,santaclaus ,6
Christmas'22,december ,6
Christmas'22,noel ,6
Christmas'22,art,5
Christmas'22,family ,10
Christmas'22,snow ,7
Christmas'22,photography,5
Christmas'22,xmas ,12
Christmas'22,merrychristmas ,7
Christmas'22,santa ,11
Christmas'22,christmasiscoming ,11
Christmas'22,christmasdecorations ,11
Christmas'22,gifts ,6
Christmas'22,weihnachten ,6
Christmas'22,christmastree ,11
Christmas'22,christmasdecor,5
Christmas'22,christmas ,5
Christmas'22,christmastree ,11
Christmas'22,christmasdecor ,6
Christmas'22,xmas ,12
Christmas'22,santa ,11
Christmas'22,christmasiscoming ,11
Christmas'22,christmasdecorations ,11
Christmas'22,santaclaus ,6
Christmas'22,december ,6
Christmas'22,noel ,6
Christmas'22,art,5
Christmas'22,family ,10
Christmas'22,snow ,7
Christmas'22,photography,5
Christmas'22,xmas ,12
Christmas'22,merrychristmas ,7
Christmas'22,santa ,11
Christmas'22,christmasiscoming ,11
Christmas'22,christmasdecorations ,11
Christmas'22,gifts ,6
Christmas'22,weihnachten ,6
Christmas'22,christmastree ,11
Christmas'22,christmasdecor,5
Christmas'22,christmas ,5
Christmas'22,christmastree ,11
Christmas'22,christmasdecor ,6
Christmas'22,xmas ,12
Christmas'22,santa ,11
Christmas'22,christmasiscoming ,11
Christmas'22,christmasdecorations ,11
Christmas'22,santaclaus ,6
Christmas'22,december ,6
Christmas'22,noel ,6
Christmas'22,art,5
Christmas'22,family ,10
Christmas'22,snow ,7
Christmas'22,photography,5
Christmas'22,christmastree ,11
Christmas'22,christmasdecor ,6
Christmas'22,xmas ,12
Christmas'22,merrychristmas ,7
Christmas'22,christmasgifts ,1
Christmas'22,santa ,11
Christmas'22,christmasiscoming ,11
Christmas'22,christmasdecorations ,11
Christmas'22,holidays ,1
Christmas'22,family ,10
Christmas'22,snow ,7
Christmas'22,photography ,12
Christmas'22,bali ,2
Christmas'22,indonesia,2
Christmas'22,xmas ,12
Christmas'22,merrychristmas ,7
Christmas'22,santaclaus ,6
Christmas'22,december ,6
Christmas'22,noel ,6
Christmas'22,art ,5
Christmas'22,family ,10
Christmas'22,snow ,7
Christmas'22,photography ,12
Christmas'22,gifts ,6
Christmas'22,weihnachten ,6
Christmas'22,bali ,2
Christmas'22,indonesia,2
US Open,nike ,5
US Open,zverev ,3
US Open,newyork ,1
US Open,delpotro ,1
US Open,goat ,1
US Open,tennislover ,1
US Open,andymurray ,1
US Open,tsitsipas ,1
US Open,nole ,1
US Open,adidas ,5
US Open,emmaraducanu ,1
US Open,thiem ,1
US Open,nolefam ,1
US Open,medvedev ,1
US Open,fitness,1
US Open,nike ,5
US Open,adidas ,5
US Open,tennismatch ,4
US Open,tennistime ,4
US Open,tennispro ,4
US Open,tennisplayers ,4
US Open,usa ,7
US Open,rafanadal ,4
US Open,serenawilliams ,4
US Open,golf ,4
US Open,djokernole ,4
US Open,daviscup ,4
US Open,tennistv ,4
US Open,kyrgios ,2
US Open,zverev ,3
US Open,newyork,4
US Open,tennismatch ,4
US Open,tennistime ,4
US Open,wilson ,2
US Open,babolat ,2
US Open,tennisgirl ,2
US Open,tenniscoach ,2
US Open,tennispro ,4
US Open,tennisplayers ,4
US Open,usa ,7
US Open,rafanadal ,4
US Open,serenawilliams ,4
US Open,golf ,4
US Open,djokernole ,4
US Open,daviscup ,4
US Open,tennistv ,4
US Open,kyrgios,2
US Open,nike ,5
US Open,adidas ,5
US Open,tennismatch ,4
US Open,tennistime ,4
US Open,tennispro ,4
US Open,tennisplayers ,4
US Open,usa ,7
US Open,rafanadal ,4
US Open,serenawilliams ,4
US Open,golf ,4
US Open,djokernole ,4
US Open,daviscup ,4
US Open,tennistv ,4
US Open,kyrgios ,2
US Open,zverev ,3
US Open,newyork,4
US Open,tennismatch ,4
US Open,tennistime ,4
US Open,wilson ,2
US Open,babolat ,2
US Open,tennisgirl ,2
US Open,tenniscoach ,2
US Open,tennispro ,4
US Open,tennisplayers ,4
US Open,usa ,7
US Open,rafanadal ,4
US Open,serenawilliams ,4
US Open,golf ,4
US Open,djokernole ,4
US Open,daviscup ,4
US Open,tennistv ,4
US Open,kyrgios,2
Thanks Giving 2022,thanksgiving ,1
Thanks Giving 2022,pumpkinpie ,2
Thanks Giving 2022,happythanksgivng ,1
Thanks Giving 2022,thanksgivingdinner ,2
Thanks Giving 2022,stuffing ,20
Thanks Giving 2022,thanksgiving2022,1
Thanks Giving 2022,thanksgivingdinner ,2
Thanks Giving 2022,stuffing ,20
Thanks Giving 2022,thanksgiving2022 ,17
Thanks Giving 2022,thanksgivingweekend ,1
Thanks Giving 2022,thanksgivingbreak ,1
Thanks Giving 2022,thanksgivingeve ,2
Thanks Giving 2022,thanksgivingdecor,1
Thanks Giving 2022,fairmont ,1
Thanks Giving 2022,scottsdale ,1
Thanks Giving 2022,stuffing ,20
Thanks Giving 2022,thanksgiving2022 ,17
Thanks Giving 2022,thanksgivingeve ,2
Thanks Giving 2022,thanksgivingdecor ,1
Thanks Giving 2022,thanksgivingclapback ,16
Thanks Giving 2022,thanksgivingtable,1
Kuttiyatam,iccr ,1
Kuttiyatam,kalamandalam ,1
Kuttiyatam,watch,1
Paris Strike,breakingnews ,1
Paris Strike,ultimahora ,1
Paris Strike,francia ,1
Paris Strike,strike ,1
Paris Strike,greve18octobre ,1
Paris Strike,huelga,1
Central Pennsylvania Festival of the Arts,cpartsfestival ,1
Central Pennsylvania Festival of the Arts,artfestival are ,1
Central Pennsylvania Festival of the Arts,artfestival ,1
Central Pennsylvania Festival of the Arts,art ,5
Central Pennsylvania Festival of the Arts,festival ,1
Central Pennsylvania Festival of the Arts,contemporaryart ,1
Central Pennsylvania Festival of the Arts,artist ,1
Central Pennsylvania Festival of the Arts,artwork ,1
Central Pennsylvania Festival of the Arts,musicfestival ,1
Central Pennsylvania Festival of the Arts,photography ,12
Central Pennsylvania Festival of the Arts,music ,2
Central Pennsylvania Festival of the Arts,artfest ,1
Central Pennsylvania Festival of the Arts,pennsylvania,1
Cherry Creek Arts Festival,cherryarts ,1
Cherry Creek Arts Festival,cherrycreekartsfestival and ,1
Cherry Creek Arts Festival,artforeveryone,1
Standup Comedy - Jerry Seinfeld,standupcomedy ,3
Standup Comedy - Jerry Seinfeld,comedy ,2
Standup Comedy - Jerry Seinfeld,standup ,3
Standup Comedy - Jerry Seinfeld,comedian ,1
Standup Comedy - Jerry Seinfeld,funny ,2
Standup Comedy - Jerry Seinfeld,jokes ,1
Standup Comedy - Jerry Seinfeld,humor ,1
Standup Comedy - Jerry Seinfeld,comedyshow ,1
Standup Comedy - Jerry Seinfeld,comedians ,1
Standup Comedy - Jerry Seinfeld,comedyclub ,1
Standup Comedy - Jerry Seinfeld,memes ,4
Standup Comedy - Jerry Seinfeld,standupcomedian ,2
Standup Comedy - Jerry Seinfeld,comedia ,1
Standup Comedy - Jerry Seinfeld,lol ,1
Standup Comedy - Jerry Seinfeld,comedycentral ,1
Standup Comedy - Jerry Seinfeld,funnyvideos ,1
Standup Comedy - Jerry Seinfeld,laugh ,1
Standup Comedy - Jerry Seinfeld,hilarious ,1
Standup Comedy - Jerry Seinfeld,love ,7
Standup Comedy - Jerry Seinfeld,meme ,2
Standup Comedy - Jerry Seinfeld,fun ,2
Standup Comedy - Jerry Seinfeld,funnymemes ,2
Standup Comedy - Jerry Seinfeld,livecomedy ,1
Standup Comedy - Jerry Seinfeld,comedynight,1
Phoenix - Anubhav Singh Bassi Live,anubhavsinghbassi ,1
Phoenix - Anubhav Singh Bassi Live,memes ,4
Phoenix - Anubhav Singh Bassi Live,standupcomedy ,3
Phoenix - Anubhav Singh Bassi Live,memesdaily ,1
Phoenix - Anubhav Singh Bassi Live,zakirkhan ,1
Phoenix - Anubhav Singh Bassi Live,abhishekupmanyu ,1
Phoenix - Anubhav Singh Bassi Live,standup ,3
Phoenix - Anubhav Singh Bassi Live,hindimemesbelike ,1
Phoenix - Anubhav Singh Bassi Live,beabassi ,1
Phoenix - Anubhav Singh Bassi Live,meme ,2
Phoenix - Anubhav Singh Bassi Live,funnymemes ,2
Phoenix - Anubhav Singh Bassi Live,standupcomedian ,2
Phoenix - Anubhav Singh Bassi Live,akashgupta ,1
Phoenix - Anubhav Singh Bassi Live,follow ,3
Phoenix - Anubhav Singh Bassi Live,aib ,1
Phoenix - Anubhav Singh Bassi Live,iitdelhi ,1
Phoenix - Anubhav Singh Bassi Live,iitkanpur ,1
Phoenix - Anubhav Singh Bassi Live,modimemes ,1
Phoenix - Anubhav Singh Bassi Live,indianstandup ,1
Phoenix - Anubhav Singh Bassi Live,modi ,1
Phoenix - Anubhav Singh Bassi Live,amityuniversity ,1
Phoenix - Anubhav Singh Bassi Live,standupcomic,1
Kannan Gill - Standup,kanangill ,1
Kannan Gill - Standup,kennysebastian ,1
Kannan Gill - Standup,comedy ,2
Kannan Gill - Standup,standupcomedy ,3
Kannan Gill - Standup,netflix ,1
Kannan Gill - Standup,biswakalyanrath ,1
Kannan Gill - Standup,sketchybehaviour ,1
Kannan Gill - Standup,standup ,3
Kannan Gill - Standup,yourssincerely ,1
Kannan Gill - Standup,funny ,2
Kannan Gill - Standup,netflixindia ,1
Kannan Gill - Standup,comicstaan,1
Arizona Weather forecast,arizonaweather ,1
Arizona Weather forecast,arizona ,1
Arizona Weather forecast,azliving ,1
Arizona Weather forecast,arizonalife ,1
Arizona Weather forecast,arizonaliving ,1
Arizona Weather forecast,azweather ,1
Arizona Weather forecast,scottsdalearizona ,1
Arizona Weather forecast,arizonadesert ,1
Arizona Weather forecast,mesaaz ,1
Arizona Weather forecast,gilbertarizona ,1
Arizona Weather forecast,azlife ,1
Arizona Weather forecast,arizonahomes ,1
Arizona Weather forecast,arizonarealestate ,1
Arizona Weather forecast,gilbertaz,1
AZ election campaign,onev1 ,4
AZ election campaign,demvoice1 ,4
AZ election campaign,dems4usa,4
AZ election campaign,leadright ,4
AZ election campaign,blakemasters ,4
AZ election campaign,az ,4
AZ election campaign,election,4
AZ election campaign,onev1 ,4
AZ election campaign,demvoice1 ,4
AZ election campaign,dems4usa,4
AZ election campaign,leadright ,4
AZ election campaign,blakemasters ,4
AZ election campaign,az ,4
AZ election campaign,election,4
AZ election campaign,onev1 ,4
AZ election campaign,demvoice1 ,4
AZ election campaign,dems4usa,4
AZ election campaign,leadright ,4
AZ election campaign,blakemasters ,4
AZ election campaign,az ,4
AZ election campaign,election,4
AZ election campaign,onev1 ,4
AZ election campaign,demvoice1 ,4
AZ election campaign,dems4usa,4
AZ election campaign,leadright ,4
AZ election campaign,blakemasters ,4
AZ election campaign,az ,4
AZ election campaign,election,4
Independence Day,photography ,12
Independence Day,redwhiteandblue ,3
Independence Day,jaihind ,1
Independence Day,patriotic ,1
Independence Day,pakistan ,1
Independence Day,independencedayindia ,1
Independence Day,photooftheday ,4
Independence Day,indianarmy ,1
Independence Day,celebration ,1
Independence Day,summer ,4
Independence Day,bhfyp ,2
Independence Day,follow,1
Independence Day,thaugust ,1
Independence Day,art ,5
Independence Day,starsandstripes ,1
Independence Day,flag ,1
Independence Day,holiday ,1
Independence Day,celebrate ,2
Independence Day,indonesia ,1
Independence Day,instadaily ,1
Independence Day,bharat ,1
Independence Day,family ,10
Independence Day,trending ,2
Independence Day,travel ,5
Independence Day,indianflag ,1
Independence Day,thindependenceday ,1
Independence Day,sale ,3
Independence Day,merdeka,1
Independence Day,agustus ,1
Independence Day,like ,3
Independence Day,proudindian ,1
Independence Day,fashion ,2
Independence Day,merica ,1
Independence Day,indianindependenceday ,1
Independence Day,godblessamerica ,1
Independence Day,americanflag ,1
Independence Day,covid ,3
Independence Day,explore ,2
Independence Day,delhi ,1
Independence Day,happyfourthofjuly ,1
Independence Day,nature ,4
Independence Day,nigeria,1
Marine Cops Training,marines ,1
Marine Cops Training,usmc ,1
Marine Cops Training,military,1
ICML 2022 (Tech conference),icml ,1
ICML 2022 (Tech conference),icml2022 ,1
ICML 2022 (Tech conference),machinelearning ,1
ICML 2022 (Tech conference),cybersecurity ,1
ICML 2022 (Tech conference),digitaltransformation ,1
ICML 2022 (Tech conference),softwaredeveloper ,1
ICML 2022 (Tech conference),code ,1
ICML 2022 (Tech conference),neuralnetworks ,1
ICML 2022 (Tech conference),computer ,1
ICML 2022 (Tech conference),php ,1
ICML 2022 (Tech conference),hawaii ,2
ICML 2022 (Tech conference),research ,3
ICML 2022 (Tech conference),ieee,2
ICML 2022 (Tech conference),hawaii ,2
ICML 2022 (Tech conference),machinelearningalgorithms ,1
ICML 2022 (Tech conference),computervision ,2
ICML 2022 (Tech conference),android ,1
ICML 2022 (Tech conference),cloud ,2
ICML 2022 (Tech conference),bhfyp ,2
ICML 2022 (Tech conference),research ,3
ICML 2022 (Tech conference),ieee,2
BTS,allofjm_th ,1
BTS,happybirthdayjimin ,1
BTS,jimin ,1
BTS,happyjiminday ,1
BTS,bts ,1
BTS,bangtan ,1
BTS,birthdaygallery,1
Graduation Ceremony,psychology ,1
Graduation Ceremony,graduation ,2
Graduation Ceremony,classof2022,1
T20WorldCup2022,t20wc2022 ,1
T20WorldCup2022,shaheenshahafridi ,1
T20WorldCup2022,shaheenafridi ,1
T20WorldCup2022,pakvsafg ,1
T20WorldCup2022,warmupmatch ,1
T20WorldCup2022,t20worldcup2022,1
T20WorldCup2022,indvsaus ,1
T20WorldCup2022,t20worldcup2022 ,1
T20WorldCup2022,trending,1
Halloween Party,pumpkinpie ,2
Halloween Party,celebrate ,2
Halloween Party,fun ,2
Halloween Party,stuffing ,20
Halloween Party,pumpkin ,2
Halloween Party,holidayseason ,1
Halloween Party,happy ,1
Halloween Party,falldecor ,1
Halloween Party,spookyseason ,2
Halloween Party,vampire ,1
Halloween Party,zombie ,1
Halloween Party,ghost ,1
Halloween Party,halloween,1
Halloween Party,halloweencostume ,2
Halloween Party,halloween ,2
Halloween Party,spooky ,1
Halloween Party,horror ,1
Halloween Party,spookyseason ,2
Halloween Party,stuffing ,20
Halloween Party,pumpkin ,2
Halloween Party,holidayseason,1
Halloween Party,horrorart ,1
Halloween Party,horrorfan ,1
Halloween Party,halloweenparty ,2
Halloween Party,horrormovies ,1
Halloween Party,trickortreat ,1
Halloween Party,halloweenmakeup,1
Halloween Party,halloweenvibes ,1
Halloween Party,halloweeniscoming ,1
Halloween Party,halloweenmakeup ,2
Halloween Party,halloweencostume ,2
Halloween Party,halloweenparty ,2
Halloween Party,halloweenart ,1
Halloween Party,ghost,1
Weather forecast,weather ,1
Weather forecast,nature ,4
Weather forecast,sky ,1
Weather forecast,clouds ,2
Weather forecast,photooftheday ,4
Weather forecast,photography ,12
Weather forecast,beautiful ,1
Weather forecast,love ,7
Weather forecast,rain,1
Flight strike,kwaraconnect ,1
Flight strike,ilorin ,1
Flight strike,kwara ,1
Flight strike,durbar ,1
Flight strike,ilorindurbar ,1
Flight strike,festiwal ,1
Flight strike,emirates ,1
Flight strike,horse ,1
Flight strike,horseriding ,2
Flight strike,horsepower ,1
Flight strike,tournigeria ,1
Flight strike,culture ,2
Flight strike,african ,1
Flight strike,africanculture,1
Tokyo2020,collegefootball ,1
Tokyo2020,autoracing ,1
Tokyo2020,olympics ,5
Tokyo2020,wideworldofsports ,1
Tokyo2020,afl ,1
Tokyo2020,nfl ,1
Tokyo2020,mlb,1
TommorowLand Concert,tommorow ,1
TommorowLand Concert,land,1
China town Traffic,toronto ,1
China town Traffic,chinatown ,1
China town Traffic,streetphotography ,1
China town Traffic,signage ,1
China town Traffic,traffic ,6
China town Traffic,photo ,1
China town Traffic,photography ,12
China town Traffic,sign,1
Memorial Day,memorialday ,2
Memorial Day,memorialdayweekend ,2
Memorial Day,usa ,7
Memorial Day,love ,7
Memorial Day,america ,2
Memorial Day,memorial ,2
Memorial Day,memorialdaysale ,2
Memorial Day,mdw ,2
Memorial Day,like ,3
Memorial Day,memories ,2
Memorial Day,military ,2
Memorial Day,veterans ,2
Memorial Day,summer ,4
Memorial Day,thankyou ,2
Memorial Day,photooftheday,2
Memorial Day,family ,10
Memorial Day,memes ,4
Memorial Day,redwhiteandblue ,3
Memorial Day,instagood ,4
Memorial Day,photography ,12
Memorial Day,remember ,2
Memorial Day,freedom ,3
Memorial Day,instagram ,3
Memorial Day,happymemorialday ,2
Memorial Day,neverforget ,2
Memorial Day,covid ,3
Memorial Day,honor ,2
Memorial Day,army ,2
Memorial Day,friends ,2
Memorial Day,sale ,3
Memorial Day,nyc ,6
Memorial Day,fireworks ,2
Memorial Day,newyork,4
Memorial Day,memorialday ,2
Memorial Day,memorialdayweekend ,2
Memorial Day,usa ,7
Memorial Day,love ,7
Memorial Day,america ,2
Memorial Day,memorial ,2
Memorial Day,memorialdaysale ,2
Memorial Day,mdw ,2
Memorial Day,like ,3
Memorial Day,memories ,2
Memorial Day,military ,2
Memorial Day,veterans ,2
Memorial Day,summer ,4
Memorial Day,thankyou ,2
Memorial Day,photooftheday,2
Memorial Day,family ,10
Memorial Day,memes ,4
Memorial Day,redwhiteandblue ,3
Memorial Day,instagood ,4
Memorial Day,photography ,12
Memorial Day,remember ,2
Memorial Day,freedom ,3
Memorial Day,instagram ,3
Memorial Day,happymemorialday ,2
Memorial Day,neverforget ,2
Memorial Day,covid ,3
Memorial Day,honor ,2
Memorial Day,army ,2
Memorial Day,friends ,2
Memorial Day,sale ,3
Memorial Day,nyc ,6
Memorial Day,fireworks ,2
Memorial Day,newyork,4
Womens World Cup,womensworldcup ,4
Womens World Cup,soccer ,19
Womens World Cup,worldcup ,4
Womens World Cup,football ,7
Womens World Cup,uswnt ,4
Womens World Cup,womenssoccer ,4
Womens World Cup,fifa ,5
Womens World Cup,womensfootball ,4
Womens World Cup,alexmorgan ,4
Womens World Cup,meganrapinoe ,4
Womens World Cup,tobinheath ,4
Womens World Cup,christenpress ,4
Womens World Cup,lindseyhoran ,4
Womens World Cup,soccerskills,4
Womens World Cup,womenempowerment ,8
Womens World Cup,roselavelle ,4
Womens World Cup,emilysonnett ,4
Womens World Cup,carlilloyd ,4
Womens World Cup,malpugh ,4
Womens World Cup,women ,4
Womens World Cup,woso ,4
Womens World Cup,abbydahlkemper ,4
Womens World Cup,soccerskills ,4
Womens World Cup,kelleyohara ,4
Womens World Cup,beckysauerbrunn ,4
Womens World Cup,fawsl ,4
Womens World Cup,lionesses ,4
Womens World Cup,tobintuesday ,4
Womens World Cup,preath ,4
Womens World Cup,womenempowerment ,8
Womens World Cup,portlandthornsfc ,4
Womens World Cup,preathisreal,4
Womens World Cup,womensworldcup ,4
Womens World Cup,soccer ,19
Womens World Cup,worldcup ,4
Womens World Cup,football ,7
Womens World Cup,uswnt ,4
Womens World Cup,womenssoccer ,4
Womens World Cup,fifa ,5
Womens World Cup,womensfootball ,4
Womens World Cup,alexmorgan ,4
Womens World Cup,meganrapinoe ,4
Womens World Cup,tobinheath ,4
Womens World Cup,christenpress ,4
Womens World Cup,lindseyhoran ,4
Womens World Cup,soccerskills,4
Womens World Cup,womenempowerment ,8
Womens World Cup,roselavelle ,4
Womens World Cup,emilysonnett ,4
Womens World Cup,carlilloyd ,4
Womens World Cup,malpugh ,4
Womens World Cup,women ,4
Womens World Cup,woso ,4
Womens World Cup,abbydahlkemper ,4
Womens World Cup,soccerskills ,4
Womens World Cup,kelleyohara ,4
Womens World Cup,beckysauerbrunn ,4
Womens World Cup,fawsl ,4
Womens World Cup,lionesses ,4
Womens World Cup,tobintuesday ,4
Womens World Cup,preath ,4
Womens World Cup,womenempowerment ,8
Womens World Cup,portlandthornsfc ,4
Womens World Cup,preathisreal,4
Womens World Cup,womensworldcup ,4
Womens World Cup,soccer ,19
Womens World Cup,worldcup ,4
Womens World Cup,football ,7
Womens World Cup,uswnt ,4
Womens World Cup,womenssoccer ,4
Womens World Cup,fifa ,5
Womens World Cup,womensfootball ,4
Womens World Cup,alexmorgan ,4
Womens World Cup,meganrapinoe ,4
Womens World Cup,tobinheath ,4
Womens World Cup,christenpress ,4
Womens World Cup,lindseyhoran ,4
Womens World Cup,soccerskills,4
Womens World Cup,womenempowerment ,8
Womens World Cup,roselavelle ,4
Womens World Cup,emilysonnett ,4
Womens World Cup,carlilloyd ,4
Womens World Cup,malpugh ,4
Womens World Cup,women ,4
Womens World Cup,woso ,4
Womens World Cup,abbydahlkemper ,4
Womens World Cup,soccerskills ,4
Womens World Cup,kelleyohara ,4
Womens World Cup,beckysauerbrunn ,4
Womens World Cup,fawsl ,4
Womens World Cup,lionesses ,4
Womens World Cup,tobintuesday ,4
Womens World Cup,preath ,4
Womens World Cup,womenempowerment ,8
Womens World Cup,portlandthornsfc ,4
Womens World Cup,preathisreal,4
Womens World Cup,womensworldcup ,4
Womens World Cup,soccer ,19
Womens World Cup,worldcup ,4
Womens World Cup,football ,7
Womens World Cup,uswnt ,4
Womens World Cup,womenssoccer ,4
Womens World Cup,fifa ,5
Womens World Cup,womensfootball ,4
Womens World Cup,alexmorgan ,4
Womens World Cup,meganrapinoe ,4
Womens World Cup,tobinheath ,4
Womens World Cup,christenpress ,4
Womens World Cup,lindseyhoran ,4
Womens World Cup,soccerskills,4
Womens World Cup,womenempowerment ,8
Womens World Cup,roselavelle ,4
Womens World Cup,emilysonnett ,4
Womens World Cup,carlilloyd ,4
Womens World Cup,malpugh ,4
Womens World Cup,women ,4
Womens World Cup,woso ,4
Womens World Cup,abbydahlkemper ,4
Womens World Cup,soccerskills ,4
Womens World Cup,kelleyohara ,4
Womens World Cup,beckysauerbrunn ,4
Womens World Cup,fawsl ,4
Womens World Cup,lionesses ,4
Womens World Cup,tobintuesday ,4
Womens World Cup,preath ,4
Womens World Cup,womenempowerment ,8
Womens World Cup,portlandthornsfc ,4
Womens World Cup,preathisreal,4
Bieber Concert,selenagomez ,1
Bieber Concert,justinbieber ,1
Bieber Concert,madhuridixit ,1
Bieber Concert,mymindandme ,1
Bieber Concert,haileybieber ,1
Bieber Concert,mamaraazzi,1
Platinum Jubilee Bank Holiday,platinumjuiblee ,6
Platinum Jubilee Bank Holiday,hm70,6
Boxing Day,boxer ,6
Boxing Day,training ,7
Boxing Day,boxingdrills ,6
Boxing Day,kickboxing ,6
Boxing Day,boxingfans ,6
Boxing Day,boxingfitness ,6
Boxing Day,muaythai ,6
Boxing Day,fighter ,6
Boxing Day,motivation ,6
Boxing Day,boxingfamily ,6
Boxing Day,workout ,7
Boxing Day,champion ,7
Boxing Day,boxingislife ,6
Boxing Day,boxinggirl ,6
Boxing Day,gym ,6
Boxing Day,muhammadali,6
